id,username,created_at,lng,lat,text
1517185313793355776,naijacat,Thu Apr 21 16:55:41 +0000 2022,-73.9487755,40.655138,i just feel more creative now which is a sign
1517185315139727367,GumboGoon,Thu Apr 21 16:55:41 +0000 2022,-95.12714249999999,29.52619,SHIT
1517185315034714116,footiusmaximus,Thu Apr 21 16:55:41 +0000 2022,-104.92209349999999,39.713563,@berman1125 Chinatown for grub and a foot massage
1517185315978596354,JerimilGerman,Thu Apr 21 16:55:41 +0000 2022,-80.0883595,34.362393,A coach who believes in you and sees your worth is more than anything an athlete can ask for.
1517185316200849408,CallMeKaschak,Thu Apr 21 16:55:41 +0000 2022,-97.754724,30.323345500000002,When Pluto come back into orbit?
1517185317035458560,StevenN26295617,Thu Apr 21 16:55:42 +0000 2022,-75.117998,40.0048655,Mr Wallace did the right thing  - he left a network where  he worked for many years because he  finally realized  -‚Ä¶ https://t.co/qFjuZA9W8h
1517185319233212422,aftncanada,Thu Apr 21 16:55:42 +0000 2022,-123.123581,49.257639,@sjblair06 Definitely. I'd hope to see us go that way. Not sure it will happen
1517185319400984587,Danny8bit,Thu Apr 21 16:55:42 +0000 2022,-122.149768,47.5978565,@Cybershell we‚Äôre in a Cybershell boom right now
1517185319484985344,midwesternexile,Thu Apr 21 16:55:42 +0000 2022,-83.804475,27.698681999999998,@GenmunJake More like this troop...
1517185319468244996,TeeDash1,Thu Apr 21 16:55:42 +0000 2022,-82.44269399999999,27.9965945,@therandom58 Skilled asfüî•üî•Bron beat the same Celtics team by himself https://t.co/TnvZRhsR5A
1517185320856563718,sugamama316,Thu Apr 21 16:55:43 +0000 2022,-80.8467855,35.209058999999996,@burrell_geo @js3kbullies Right!! Kobe used to open all the sugar  packs when we‚Äôd go to a restaurant ü§¶üèª‚Äç‚ôÄÔ∏èü§¶üèª‚Äç‚ôÄÔ∏èüòÇüòÇüòÇ‚Ä¶ https://t.co/EcQ46EgrWv
1517185322106470407,TRUlydgaf,Thu Apr 21 16:55:43 +0000 2022,-89.6709275,35.5636175,weed don‚Äôt excite me no more
1517185322181808138,____PMB,Thu Apr 21 16:55:43 +0000 2022,-122.2405945,47.853083,It does ü•Ç
1517185322756583425,TotalTrafficELP,Thu Apr 21 16:55:43 +0000 2022,-106.4858,31.75827,FIRE in #ElPaso on Stanton St at E San Antonio Ave #traffic https://t.co/nZ2qPHc0XJ
1517185322739806211,TotalTrafficABQ,Thu Apr 21 16:55:43 +0000 2022,-106.6318,35.10501,Accident. Two right lanes blocked. in #Bernalillo on I-40 EB at I-25/Big I #traffic https://t.co/roJyGryxFq
1517185322618081282,TotalTrafficSAT,Thu Apr 21 16:55:43 +0000 2022,-97.98843,29.82507,"Accident reported in #Hays on I-35 (Northeast Side) NB at Center Pt Rd/Exit 200, stop and go traffic back to Watson‚Ä¶ https://t.co/n79mIT8Gva"
1517185322760740864,TotalTrafficLA,Thu Apr 21 16:55:43 +0000 2022,-118.2304,33.92853,"Accident. Right lane blocked in #Willowbrook on 105 (I-105 Century Fwy) EB at Wilmington Ave, stopped traffic back‚Ä¶ https://t.co/zKprECLhg0"
1517185322982920202,maxptri,Thu Apr 21 16:55:43 +0000 2022,-70.71887525,41.78659379,Feeling that warm sunshine ‚òÄÔ∏è‚òÄÔ∏è @ A D Makepeace https://t.co/w98LbzBBjy
1517185322894954496,TotalTrafficTUC,Thu Apr 21 16:55:43 +0000 2022,-110.8837,32.2218,Accident cleared in #Tucson on Broadway Blvd at Rosemont Blvd #traffic https://t.co/bc4TAizExm
1517185323867918339,TotalTrafficNYC,Thu Apr 21 16:55:43 +0000 2022,-73.81224,40.91486,Accident in #MtVernon on Hutchinson Riv Pky NB at E Lincoln Ave/X6A (old x12) #traffic https://t.co/cLJ9IKJQWV
1517185323872235531,YaBoyJersey,Thu Apr 21 16:55:43 +0000 2022,-88.05006449999999,42.185631,That‚Äôs what the fuck he gets
1517185324765650945,chordaetendin_8,Thu Apr 21 16:55:44 +0000 2022,-98.5406515,29.417501,"@MrChiTown76 @mariavernon22 @NikkiFried Suuuuuuure, what happend to the dark winter for unvaxxed/unmasked? Oh yeah‚Ä¶ https://t.co/6VdUCaGEwz"
1517185324857937922,BobThomasKNOX,Thu Apr 21 16:55:44 +0000 2022,-83.9841935,35.815867499999996,Let‚Äôs show them how we do it!
1517185325449330688,___LaReine,Thu Apr 21 16:55:44 +0000 2022,-72.4511725,43.871756500000004,Did you move out that basement???
1517185325445140480,TotalTrafficNYC,Thu Apr 21 16:55:44 +0000 2022,-73.94949,40.74169,"Accident. Two lanes blocked in #AreaofEastRivCrossings on The Queens Midtown Tunnel EB after X14/21st St, stopped t‚Ä¶ https://t.co/2r8Rs56QNT"
1517185325189124104,QueenMatka,Thu Apr 21 16:55:44 +0000 2022,-119.0376475,35.429265,You took my blood! #MayerJerryDyer #FresnoState #Florida #JusticeForAustin #JerryDyer #FresnoPoliceDepartment‚Ä¶ https://t.co/w7fqHQTqDs
1517185328246894593,gratefulhike,Thu Apr 21 16:55:44 +0000 2022,-86.6807375,32.576227,"@ashbyfrank @603Freeman Opps means potholes, but whatever works, damn edit button"
1517185331241668611,AmandaSuspended,Thu Apr 21 16:55:45 +0000 2022,-90.011008,29.982601,"@FleurdeLindsay Yep. Once I'm triggered, I have a hard time calming down. I've gotten better with anger management but still."
1517185332348923911,toddforman6,Thu Apr 21 16:55:45 +0000 2022,-73.4409395,41.1562815,@VanessaVaann Hi there baby I‚Äôm interested let‚Äôs talk chat connect anytime soon thanks todd 203 249 0678
1517185333485527040,DeborahTownley5,Thu Apr 21 16:55:46 +0000 2022,-84.76301000000001,33.3799165,@sandibachom Why? REALLY
1517185333812613122,Skinny_Black009,Thu Apr 21 16:55:46 +0000 2022,-122.5889745,45.630589,Now he‚Äôs about to stick his dick in his work wife‚Äôs ass ü§£ü§£ü§£
1517185335616163846,tmj_brl_recruit,Thu Apr 21 16:55:46 +0000 2022,-72.5753869,44.2600593,"We're hiring in #Montpelier, VT! Click the link in our bio to apply to this job and more: Unemployment Hearings Exa‚Ä¶ https://t.co/FXfRj0Coxl"
1517185335729565699,beatgodmilli84,Thu Apr 21 16:55:46 +0000 2022,-83.1738665,32.6782075,@MikeJ21_OT Exactly they be trying Chaney amongst the fanbase but I sit back like watch him run
1517185336073342988,tmj_VAL_pharm,Thu Apr 21 16:55:46 +0000 2022,-76.9832077,38.8060389,This Pharmacy Technician - Retail Store job might be a great fit for you. Click the link in our bio to see it and m‚Ä¶ https://t.co/7Bplq1c4hB
1517185336610213895,tmj_TX_UTIL,Thu Apr 21 16:55:46 +0000 2022,-102.6449101,32.7189926,"Enterprise Products is hiring in #Seminole, TX! Click the link in our bio to apply: Operator, Pipeline (Hobbs, NM) #operations"
1517185338053054464,TWALTeth,Thu Apr 21 16:55:47 +0000 2022,-119.71069449999999,39.574216500000006,@tjaychao @WeatheReportNFT Hell yea!!! üå∫ üå¶
1517185338053054475,tmj_GAS_pharm,Thu Apr 21 16:55:47 +0000 2022,-81.0933398,32.0245002,"Want to work at CVS Health? We're hiring in Savannah, GA! Click the link in our bio for details on this job and mor‚Ä¶ https://t.co/GKxGCYJdqr"
1517185339793690626,brittanyvalle_,Thu Apr 21 16:55:47 +0000 2022,-119.30660750000001,37.2691755,the beach is my happy place
1517185339617681408,roswellencina,Thu Apr 21 16:55:47 +0000 2022,-77.0143985,38.898602999999994,THIS is why we need more LGBTQ+ books and authors. Readers need to see themselves in books. Representation matters.‚Ä¶ https://t.co/7W9FEf8MYB
1517185340401864705,tmj_vap_retail,Thu Apr 21 16:55:47 +0000 2022,-76.2858726,36.8507689,"See our latest #Norfolk, VA job and click to apply: NOW HIRING Customer Experience Coor - https://t.co/r4ZOqKYlBR #Retail"
1517185340515110914,HillsboroughPD,Thu Apr 21 16:55:47 +0000 2022,-122.295229,37.5162205,Happy Birthday üéâüéàüéÇ to our friends at @centralcountyfd !
1517185341853155328,jayymariefams,Thu Apr 21 16:55:48 +0000 2022,-71.054857,42.428694,okay i don't know if Space Bunny is Shaggy or Sean Paul and i'm stressed about it. #TheMaskedSinger
1517185343149133826,LatanaPowell,Thu Apr 21 16:55:48 +0000 2022,-122.455344,47.242960499999995,"My son, Calvin, 3rd Man down, Black Tshirt, Perfect Son of Mine!!! https://t.co/Bil2biSBk8"
1517185342482391043,Linzanity143,Thu Apr 21 16:55:48 +0000 2022,-73.9685415,40.780709,@tiva_clois @kat_dobie Happy to die there with you. https://t.co/9Pwlz0GwIU
1517185343438655488,SkeelowGME76,Thu Apr 21 16:55:48 +0000 2022,-85.9785995,35.8305215,@coin_trades Algorand is the way... https://t.co/pD0Adn3tBt
1517185344759746564,jarmstrongbc,Thu Apr 21 16:55:48 +0000 2022,-123.123581,49.257639,Hot take: I think this photo is highly unfair to #SmithersBC and is not an equal representation of its beauty üòâ
1517185345808486400,jakemalasek,Thu Apr 21 16:55:49 +0000 2022,-73.9685415,40.780709,@KFCradio @mikeypavss @JNics415 Pavs you dropped this üëë
1517185347029024769,ZekeGary2,Thu Apr 21 16:55:49 +0000 2022,-120.882482,47.273022,@4mojo2 Agree!
1517185348643741698,spicynita94,Thu Apr 21 16:55:49 +0000 2022,-87.732013,41.8335845,ughhhhhhhhhhh them starting this finale w this sex scene is just killing me chile #SnowfallFX
1517185351181340674,Sony12Play,Thu Apr 21 16:55:50 +0000 2022,-84.433106,33.7671945,"Well Sharon, it's a little too late for this talk with Chelsea. #YR @YandR_CBS"
1517185351835537409,GetSomeChuck,Thu Apr 21 16:55:50 +0000 2022,-115.223125,36.232915,@TheBeehiveLV @VitalVegas Meh. Been done‚Ä¶ and it was awfulhttps://t.co/dJZAEutsUZ
1517185352984842241,gillb1414,Thu Apr 21 16:55:50 +0000 2022,-79.104,43.1234,Check out my #listing in #NiagaraFalls #ON  #realestate #realtor https://t.co/GZbcZL3ETA https://t.co/EnsqssfJAr
1517185353873969154,jasmineperalez_,Thu Apr 21 16:55:50 +0000 2022,-118.4119065,34.0207895,@SirAustin11 YOU NEED TO LISTEN TO PARADISE
1517185354691977217,kat19477,Thu Apr 21 16:55:51 +0000 2022,-90.4693135,41.5578115,@LizCheney  you have earned this and more.
1517185357015568384,Bobby__bitch,Thu Apr 21 16:55:51 +0000 2022,-98.5406515,29.417501,It is time to finally rip this bandaid off . I know this is going to hurt like a bitch but once the wound heals it‚Äôs going to be alright
1517185357606899718,ggmrush,Thu Apr 21 16:55:51 +0000 2022,-122.630908,45.536402,@eazybaked @VCTRE_ @playerdavee @EarthGang @DaveChappelle AND @POTUS all in my city at once wowowowoww ü™Ñü™Ñ
1517185357774831620,BowlPacksTV,Thu Apr 21 16:55:51 +0000 2022,-70.973641,42.5325755,@McDonalds snackwraps baby
1517185358794039301,SnSnapShotz,Thu Apr 21 16:55:52 +0000 2022,-73.9685415,40.780709,2 things that everybody is happy didn't happen. Arod and jlo buying the Mets and the jets not paying Jamal Adams üòÇ
1517185358768840704,Gantt4Florida,Thu Apr 21 16:55:52 +0000 2022,-80.2333285,25.7823535,Join the planning committee by making a contribution of $250 or more at https://t.co/oPL1PBj0xu.RSVP at the link‚Ä¶ https://t.co/4L8Kuz79pA
1517185360790437889,billtomesch,Thu Apr 21 16:55:52 +0000 2022,-73.99033656,40.70305698,"Just posted a photo @ DUMBO, Brooklyn https://t.co/Nt4FoVptQA"
1517185361113456640,tideisrising_,Thu Apr 21 16:55:52 +0000 2022,-87.7588005,41.843776,The urge I have to buy the $109 nightmare before Christmas Punic basket I saw online
1517185361155350530,Pelicruise,Thu Apr 21 16:55:52 +0000 2022,-80.13296249999999,25.816965500000002,"@Footballville We need everyone to stay fresh and energized, let‚Äôs keep stacking the depth!"
1517185362279473153,GOATunes,Thu Apr 21 16:55:52 +0000 2022,-79.645081,43.418190499999994,@JustinPistachio @BrotherJammer Bettt let‚Äôs make it happen
1517185361818136577,just_A_sag,Thu Apr 21 16:55:52 +0000 2022,-98.5406515,29.417501,Alli: mom let me see your card ü§£ü§£ https://t.co/kpgTlA8c0B
1517185363030249472,BeattyLaw,Thu Apr 21 16:55:53 +0000 2022,-76.41296349999999,39.3465755,Every single city prosecutor should hear what Thiru just spewed out of his harassment hole on @MiddayWYPR. He lied‚Ä¶ https://t.co/kZkKTE2Twi
1517185362321362945,GoArmyCinci,Thu Apr 21 16:55:52 +0000 2022,-84.723474,39.1062675,"#armyserviceweek is upon us! Tag us in a post if you enlisted from Cincinnati, OH.! https://t.co/UDMXStpZtM"
1517185364686946304,iHaTeTrUmP4eVeR,Thu Apr 21 16:55:53 +0000 2022,-77.425155,38.878707500000004,Pay attention...
1517185364607352834,KevcoMcdonalds,Thu Apr 21 16:55:53 +0000 2022,-96.8320095,32.959787500000004,Did you know $100 provides transportation for families to and from area hospitals for one week? Help us‚Ä¶ https://t.co/4xoQfsPLxj
1517185364976447489,KaylandWLTX,Thu Apr 21 16:55:53 +0000 2022,-80.926628,33.6311395,The President announces more aid to Ukraine along with a clearer pathway for Ukrainian refugees to seek shelter in‚Ä¶ https://t.co/0mOS2pTvUE
1517185366524153856,CeeRetise,Thu Apr 21 16:55:53 +0000 2022,-76.7972215,39.4219875,"Happy blessed birthday , @Yamuva_ ü•≥‚ú®"
1517185368063299586,TomTerrific_66,Thu Apr 21 16:55:54 +0000 2022,-75.093332,39.880914000000004,@sunny_Nita_ Always üòä
1517185368923295744,Leahmo34,Thu Apr 21 16:55:54 +0000 2022,-88.5540415,30.3640485,@CwrNew Cute video and picture
1517185369497903105,clairezagorski,Thu Apr 21 16:55:54 +0000 2022,-100.0768885,31.1688935,"@davidfetter Im sure you don‚Äôt mean it to, but this reads as a little condescending. I hope I never get to where‚Ä¶ https://t.co/awGDGUkwj6"
1517185369556627457,Kaluakid11,Thu Apr 21 16:55:54 +0000 2022,-86.441236,39.766555499999996,"Problem of living in Bloomington so long, half my snap stories are peoples past little 5‚Äôs üòÇüòÇ the pure rachetness t‚Ä¶ https://t.co/KczgcpvedB"
1517185369904758784,LManMatt93,Thu Apr 21 16:55:54 +0000 2022,-87.732013,41.8335845,Already brought back orange Hi-C so we Gucci
1517185371360145411,anthonykriens,Thu Apr 21 16:55:55 +0000 2022,-93.2620465,44.9706105,@JaceFrederick The first round is the best in basketball and hockey
1517185372085637137,VinoComitatus,Thu Apr 21 16:55:55 +0000 2022,-122.16076749999999,47.4506245,@SiempreSeattle Peak #FirstWorldProblems you could be in Mariupol or anywhere in Ukraine right now genetic lottery winner. #JustSayin
1517185372224114688,ed_swab,Thu Apr 21 16:55:55 +0000 2022,-88.0222305,43.0061125,@FallsAthletics @GCAOWI @GolfKohler Let's go LOW!
1517185372169588737,BBWVivienneRose,Thu Apr 21 16:55:55 +0000 2022,-100.0768885,31.1688935,@KeijDrawsBig Yeah fortunately that's the clue everyone has focused on. It also says I have a daughter and have no‚Ä¶ https://t.co/0oJxKZC8UV
1517185373004189701,rime_salmi,Thu Apr 21 16:55:55 +0000 2022,-118.48042000000001,34.022688,@TheeMrDOZ thank yoooouu ü•∞üíó
1517185375013261312,KayhanLife,Thu Apr 21 16:55:56 +0000 2022,-118.4119065,34.0207895,"April 21 (Reuters)¬†‚Äì¬†#RamzanKadyrov, head of Russia‚Äôs republic of #Chechnya whose forces have been fighting in‚Ä¶ https://t.co/AlBVofXVkq"
1517185375629987841,StarWarsTiffany,Thu Apr 21 16:55:56 +0000 2022,-94.6750935,38.931549000000004,BIG NEWS! Now that I‚Äôve signed my contract I can announce that I have been hired by https://t.co/AH4HxdedRP as a Li‚Ä¶ https://t.co/vB4sJws8pG
1517185375885840386,doodoobrown18,Thu Apr 21 16:55:56 +0000 2022,-76.510792,38.969966,not even being petty tbh.
1517185376024203265,dejandabetic,Thu Apr 21 16:55:56 +0000 2022,-89.5694915,44.900818,@theafriyie_ Save them for RG my man
1517185376129110017,BrianCarltonVA,Thu Apr 21 16:55:56 +0000 2022,-79.42086499999999,38.003375500000004,"So the plan is to fire journalists due to ‚Äúbudget cuts‚Äù‚Ä¶ and then hire meteorologists in their place? @LeeEntNews,‚Ä¶ https://t.co/odFF1c9SyR"
1517185376514883584,gnept540,Thu Apr 21 16:55:56 +0000 2022,-83.1738665,32.6782075,Permanent shmood word to the üêê my boy @1future ya heard @GQMagazine https://t.co/xchn1bXKDl
1517185377748070401,ArtemisDLW,Thu Apr 21 16:55:56 +0000 2022,-81.504908,31.2144885,To all PA voters incl Democrats and republican PA votersYou want a hack grifter in Oz or a right-wing hedge fund /‚Ä¶ https://t.co/lJtrXISh8J
1517185378523893763,tmj_GAD_NURSING,Thu Apr 21 16:55:56 +0000 2022,-83.2320991,33.0801429,Looking to score a job at RHA Health Services? You're in luck. Click the link in our bio for the job description an‚Ä¶ https://t.co/16pr5PdseH
1517185380273078273,Todd24781926,Thu Apr 21 16:55:57 +0000 2022,-80.244984,36.087168500000004,@Jules31415 @vermont4u @kparker9866 @RepMTG @robbystarbuck @MorganOrtagus Stand up America
1517185380822433792,soggycheesefry,Thu Apr 21 16:55:57 +0000 2022,-82.693149,27.8219585,She put vanilla bean in it btw which is Not That different than the usual Toasted Vanilla but whatever she‚Äôs so nic‚Ä¶ https://t.co/QN6qRicW92
1517185381166305283,tmj_VAA_pharm,Thu Apr 21 16:55:57 +0000 2022,-76.5498618,39.3664081,"At #TeamCVS, we hold ourselves to the highest standards to ensure quality care for all. See how you can make a diff‚Ä¶ https://t.co/yGK4czJFVM"
1517185380512149504,MissRoshni,Thu Apr 21 16:55:57 +0000 2022,-87.8571075,41.663835500000005,Life was so easy at this age.. #majorthrowback #ThrowbackThursday @ZooTampa https://t.co/9cpPt1mdrC
1517185381396992014,tmj_BC_retail,Thu Apr 21 16:55:57 +0000 2022,-123.4956337,48.4474626,"Want to work in #Langford, BC? View our latest opening: https://t.co/OyYBZS6W8d #Retail"
1517185381422157832,marine5831,Thu Apr 21 16:55:57 +0000 2022,-118.0767455,33.9072505,@MewesFj Those were the days https://t.co/7WiAD2VVX3
1517185383531962371,Badgerswimr,Thu Apr 21 16:55:58 +0000 2022,-88.416258,41.946893,Wheat got down to 1061 quicker than I thought. Chance of weekly reversal just exploded #corn #oatt #soybeans
1517185384446406658,SBGriffin,Thu Apr 21 16:55:58 +0000 2022,-87.9672925,43.0567225,@KiKi_Ditto He denies everything. What you mean???
1517185388032499712,gaybeatle,Thu Apr 21 16:55:59 +0000 2022,-73.9685415,40.780709,I want to see Paul‚Äôs vest collection
1517185389009653772,gascan27,Thu Apr 21 16:55:59 +0000 2022,-120.882482,47.273022,The arch deluxe. America just wasn‚Äôt ready.
1517185389508775945,TomAdler,Thu Apr 21 16:55:59 +0000 2022,-118.325145,34.182159999999996,@KeithOlbermann @TuckerCarlson is Gay @RonDeSantisFL
1517185391731757071,Courtney_Swink,Thu Apr 21 16:55:59 +0000 2022,-78.9946395,33.672845499999994,It‚Äôs my Birthday!! Can Any of my NASCAR favorites make my day and give me a birthday shout out! Cheers! üçª‚Ä¶ https://t.co/pJ3ErSSF3w
1517185392910417921,mb,Thu Apr 21 16:56:00 +0000 2022,-73.9685415,40.780709,"if you thought this meant i was logging off, you extremely don‚Äôt know me"
1517185393300426757,littlemislilli,Thu Apr 21 16:56:00 +0000 2022,-121.8737305,37.331159,me but also‚Ä¶ who fuckin cares nOW???
1517185393472393216,melissadeon,Thu Apr 21 16:56:00 +0000 2022,-92.4367735,38.3045585,The end of one chapter and the beginning of another! You‚Äôre looking at the newest employees of @GSBArena ‚ú®‚ú®‚Ä¶ https://t.co/M5wasjPb2M
1517185396429492230,TJN3,Thu Apr 21 16:56:01 +0000 2022,-86.2625855,43.161903,@mjm52372 I‚Äôll take that Oberon
1517185396299509761,BeeSting14618,Thu Apr 21 16:56:01 +0000 2022,-77.60520650000001,43.1272685,I‚Äôm with the surgeon general on this one.
1517185396404273153,CarnellRoller2,Thu Apr 21 16:56:01 +0000 2022,-86.6807375,32.576227,Nice wow
1517185397679280134,vera20906333,Thu Apr 21 16:56:01 +0000 2022,-119.30660750000001,37.2691755,@mhdksafa That‚Äôs wonderful. I‚Äôm happy for you.üíê
1517185398266642434,beauticheronce,Thu Apr 21 16:56:01 +0000 2022,-95.44648649999999,29.838495,Where are all the old cooks in Houston ‚Ä¶ cuz this food ain‚Äôt it
1517185398442762244,thejoeymak,Thu Apr 21 16:56:01 +0000 2022,-87.732013,41.8335845,Please fill out @chicago_blend‚Äôs survey tracking diversity in leadership at VC-backed companies in Chicagoland (or‚Ä¶ https://t.co/Lsk9Sybd7E
1517185399243825152,blueeyedsag,Thu Apr 21 16:56:01 +0000 2022,-97.03971200000001,33.157768000000004,need me a group like this ‚ù§Ô∏è‚Äçüî•
1517185400510435331,quistak,Thu Apr 21 16:56:02 +0000 2022,-159.4625795,21.877461500000003,@puwexil It's the Home World theme for me. It's in my head constantly.
1517185401827516417,RagingR79717523,Thu Apr 21 16:56:02 +0000 2022,-83.030573,42.581306,@Sunnynurses @micheleforfl Remove the muzzle
1517185402624487424,Aziztoketrees,Thu Apr 21 16:56:02 +0000 2022,-95.44648649999999,29.838495,"Keep the ganja on me, keep the wax@ home"
1517185403006205952,JosephMIV466,Thu Apr 21 16:56:02 +0000 2022,-86.27053950000001,45.001180000000005,@RepCawthorn Hmm not really because God has to breathe life unto him/her.  Best to learn your Scripture before clai‚Ä¶ https://t.co/NSOYAKp4AP
1517185404285427716,MetroGram,Thu Apr 21 16:56:02 +0000 2022,-93.2620465,44.9706105,Wednesday's Wordle 305 4/6SLANTCAMPYCAGEDCARGO ‚¨ú‚¨úüü®‚¨ú‚¨úüü©üü©‚¨ú‚¨ú‚¨úüü©üü©üü®‚¨ú‚¨úüü©üü©üü©üü©üü©
1517185405610872833,Aye_Shanience,Thu Apr 21 16:56:03 +0000 2022,-79.85736349999999,36.090396999999996,Today is a half of day for me and ima be at my desk doing my nails the whole time ü§£üíÖüèΩ got my drill and All
1517185406613307398,TrillEverything,Thu Apr 21 16:56:03 +0000 2022,-95.44648649999999,29.838495,@blaque_wideaux OMG‚Ä¶ üò≥üò≥. I knew I had to do something important today üòÖ
1517185406747516928,Nick_F_Perrelli,Thu Apr 21 16:56:03 +0000 2022,-73.9487755,40.655138,On todays episode of F*ck around n find out:
1517185407544348672,darbgs64,Thu Apr 21 16:56:03 +0000 2022,-82.44858550000001,28.13173,"As long as Dolly and Reba on the list all is well. All of the greats are on that list. Loretta Lynn, Patsy Cline. That‚Äôs country."
1517185407628169220,TheInfamousEel,Thu Apr 21 16:56:03 +0000 2022,-122.630908,45.536402,@SierraAisling Sad sack shit like Nick Cave and The National. Emotionally and catharsis-wise the opposite of how metal makes me feel
1517185406240010240,MarioMarzz,Thu Apr 21 16:56:03 +0000 2022,-70.9075225,42.515052,APR Thurs Mario Marz HEX Salem Readings In-Store &amp; phone readings 11-7pm #MariomarzcabotHP #witch #HexSalem‚Ä¶ https://t.co/OaJkY3jxvO
1517185408366432256,gonorm1330,Thu Apr 21 16:56:03 +0000 2022,-79.42086499999999,38.003375500000004,@avgplaya @rocketbotpro @cctip_com Cool üòé
1517185408576081923,BroganLL,Thu Apr 21 16:56:04 +0000 2022,-81.5167515,41.0808775,@Traumatyzed_ @tjuicyy_ @chippybtw @IneffableTSloth @ChesneyEA Bro how subway in D?!? You pick your own ingredients
1517185408672669698,mrlich,Thu Apr 21 16:56:04 +0000 2022,-84.612392,34.0110765,@natural20shirts I‚Äôm with you. It‚Äôs the simple little things that just make ALL the difference.
1517185408999858176,Pakoyrie1,Thu Apr 21 16:56:04 +0000 2022,-100.0768885,31.1688935,"New Beginnings, New Opportunities and New Peace ! That‚Äôs the focus for 2022 üí´"
1517185409058586632,dejithe_x,Thu Apr 21 16:56:04 +0000 2022,-74.4411045,40.488195000000005,@Dafiidiii Some are actually good
1517185409159245827,CoachKhalilS,Thu Apr 21 16:56:04 +0000 2022,-79.42086499999999,38.003375500000004,"Congratulations @doryhines on getting the Head Job! If y‚Äôall don‚Äôt know him, get to know him. Phenomenal person and‚Ä¶ https://t.co/eMeWbMPrWT"
1517185410945863688,ihavenobiasBES2,Thu Apr 21 16:56:04 +0000 2022,-122.14403,37.414371,SM FAAAAAAAM
1517185411856146432,GmanMU09,Thu Apr 21 16:56:04 +0000 2022,-82.4398345,38.407664,"Its evident the trend of smart, self help books, is by photo posting only.Evidenced by the same people making the‚Ä¶ https://t.co/4JQVppAk98"
1517185412007178241,GillieHicks,Thu Apr 21 16:56:04 +0000 2022,-93.04028149999999,44.8838495,You want the crown but down know what it takes
1517185413953339396,Arich1028,Thu Apr 21 16:56:05 +0000 2022,-74.066663,40.7180015,https://t.co/TvGQDknx60mood
1517185414267752456,RoaneSymon,Thu Apr 21 16:56:05 +0000 2022,-119.2289915,34.289689499999994,@RahsaanSalaam What a sexual creature JD is üòú üòõ ü§™ üòù ü§ë üòú
1517185415886819329,TomOestreich,Thu Apr 21 16:56:05 +0000 2022,-86.13244850000001,39.9632495,It‚Äôs been an exciting day in @myccs honoring and recognizing our Elementary Teachers of the Year and Support Staff‚Ä¶ https://t.co/lXcw7X94n9
1517185416306253826,UranusComics,Thu Apr 21 16:56:05 +0000 2022,-73.9487755,40.655138,Cropping some old photos from 2004 #tbt https://t.co/jG4JQvRlOB
1517185416654430211,HelicoptersofDC,Thu Apr 21 16:56:05 +0000 2022,-77.0900964,38.83851989,.@LucyAppa spotted an H60 and has 2616 points ü•á #CopterSpotter Probable operators: Army/National Guard/FBI/Possibly‚Ä¶ https://t.co/nNtvMcIC9j
1517185418235629570,Mark215Oliveras,Thu Apr 21 16:56:06 +0000 2022,-82.114383,41.3608395,@FrankieJGrande @Nickelodeon Ready to watch you Tear Some Shit Up like Terry Labonte tonight as Frankini!
1517185418818572291,TravelTacoma,Thu Apr 21 16:56:06 +0000 2022,-122.427259,47.236654,This week we are celebrating this iconic piece of Tacoma. A dome of our own! 39 years of events and celebrations ha‚Ä¶ https://t.co/7HJdlRii7b
1517185420169252865,mercmaniac64,Thu Apr 21 16:56:06 +0000 2022,-81.9215795,41.4445855,"@RossJeffery_ @tjoneswriter @CemeteryGatesM Ross, he has such sights to show you‚Ä¶"
1517185420198498317,tmj_ky_sales,Thu Apr 21 16:56:06 +0000 2022,-85.7584557,38.2526647,"See our latest Louisville, KY #Sales job opportunity and click the link in our bio to apply: Inside Sales Represent‚Ä¶ https://t.co/1L3U7nIfrU"
1517185420232052745,HCSG,Thu Apr 21 16:56:06 +0000 2022,-80.8431267,35.2270869,"Join the Hoist &amp; Crane Service Group team! See our latest job opening here: https://t.co/3dBXmihPuM #apprentice #Charlotte, NC"
1517185420462739465,ID_physician,Thu Apr 21 16:56:06 +0000 2022,-112.0339645,43.4916514,HCA Healthcare is looking for teammates like you. See our latest Physician / Surgeon.Hematology / Oncology.General‚Ä¶ https://t.co/4qQ92hEgZX
1517185420404019204,quis__custodiet,Thu Apr 21 16:56:06 +0000 2022,-118.26457,34.05579,1655ZN472LA LAPD AIR SUPPORT DIVISIONN34.0558 W118.2646Altitude: 900ftCourse: 72¬∫Groundspeed: 80kts https://t.co/qZu8IP3xwM
1517185421012193281,MarlishGambino,Thu Apr 21 16:56:06 +0000 2022,-119.30660750000001,37.2691755,"@BeetCornFarm @ThisIs1984_ @ThommyB8 @Cernovich @elonmusk Haha so something he announced yesterday,  4 days after m‚Ä¶ https://t.co/vXcP7e9Fw8"
1517185421523898377,tmj_phx_transp,Thu Apr 21 16:56:07 +0000 2022,-112.3496021,33.4355977,"If you're looking for work in #Avondale, AZ, check out this #Transportation job via the link in our bio: Parts Deli‚Ä¶ https://t.co/GWhEMqx448"
1517185421662310405,tmj_njs_retail,Thu Apr 21 16:56:07 +0000 2022,-74.922302,39.784496,"Can you recommend anyone for this #Retail job in #Berlin, NJ? Click the link in our bio to see it and more. SALES A‚Ä¶ https://t.co/IUdNZlLAtJ"
1517185420727099393,singerwriterEFA,Thu Apr 21 16:56:06 +0000 2022,-88.245392,40.116932,Love being back at @ebertfest again!  #ebertfest2022 https://t.co/oZNP2JqzxF
1517185421276434440,dave_schilling,Thu Apr 21 16:56:07 +0000 2022,-118.4119065,34.0207895,Mario‚Äôs plumbing business got hit hard by supply chain issues and he hasn‚Äôt been working much. https://t.co/Q1IhwtLDuP
1517185423268728843,is250julian,Thu Apr 21 16:56:07 +0000 2022,-121.8737305,37.331159,FRANKLIN SAINT
1517185423356874753,hanifsahib,Thu Apr 21 16:56:07 +0000 2022,-73.829384,40.912499,@CMShehbaz  Ghus patio  get off.@ImranKhanPTI#ÿßŸÖŸæŸàÿ±Ÿπ⁄à_ÿ≠⁄©ŸàŸÖÿ™_ŸÜÿßŸÖŸÜÿ∏Ÿàÿ±
1517185424342536192,wurfbaumamy1,Thu Apr 21 16:56:07 +0000 2022,-73.900329,41.7919415,@hakahaka @ejustin46 @morgfair @SamRamani2 That‚Äôs unfortunately the case in many situations. People were afraid aft‚Ä¶ https://t.co/OFBDA5A0EJ
1517185424262848513,texanpatriot1,Thu Apr 21 16:56:07 +0000 2022,-97.4636445,35.327467999999996,....alright $MAHAWho is the mystery buyer ü§£@CryptoMedic4 https://t.co/7QzbnksBnm
1517185424736890880,CampbellSports,Thu Apr 21 16:56:07 +0000 2022,-85.40414150000001,38.7662295,How his career didn't end after that debacle is one of life's mysteries.
1517185425290547200,RickAndrew16,Thu Apr 21 16:56:07 +0000 2022,-83.7289515,42.47749,@maddyskorupski5 @MSU_WBasketball @SuzyMerchant WOW!!!!!!!!!!!!üêêüèÄüêêCongrats!
1517185426192465920,HSOWBRolo,Thu Apr 21 16:56:08 +0000 2022,-83.0269885,42.492846,@olgatokariuk @olya_rudenko @expatua I have PayPal. I will donate as soon as I get back in my office!
1517185427521867776,Feinomadeit,Thu Apr 21 16:56:08 +0000 2022,-76.66458092,39.30476775,Just posted a photo @ Ghetto Streets Of Baltimore https://t.co/oRpwgDpTax
1517185429686132737,MaxJSEsq,Thu Apr 21 16:56:09 +0000 2022,-83.804475,27.698681999999998,Our legal writing icon https://t.co/fBwZ2ziX6n
1517185429983961094,treykellybell,Thu Apr 21 16:56:09 +0000 2022,-76.62048200000001,39.284712999999996,Or. just say no‚Ä¶ I‚Äôm in a relationship‚Ä¶ I don‚Äôt have no minutes right now‚Ä¶ say ‚Äúgive me yours instead‚Äù and never ca‚Ä¶ https://t.co/PTS1eAGAjD
1517185431120465924,OC_Investigator,Thu Apr 21 16:56:09 +0000 2022,-117.7300055,33.560742000000005,@UCPD_Cal At Cesar Chavez building
1517185432282357760,MoonlightCiara,Thu Apr 21 16:56:09 +0000 2022,-73.8311875,40.6708795,@sbedaux Love this collection‚Ä¶ so happy I own one!
1517185431514882049,CoastHusky,Thu Apr 21 16:56:09 +0000 2022,-77.0143985,38.898602999999994,"@RobicanAmican Aww, Thank you. ‚ù§Ô∏è"
1517185433368682497,iam_Beasty,Thu Apr 21 16:56:09 +0000 2022,-81.65553,30.324331,Today will be great ü•∞
1517185433297371139,M4G3RK,Thu Apr 21 16:56:09 +0000 2022,-100.0768885,31.1688935,SeinfeldSimpsons(seasons 3-9)The WireBreaking BadMindhunterHappy EndingsDeadwoodThe SopranosGilmore GirlsM‚Ä¶ https://t.co/Q4SuPy5SNS
1517185435495239682,IanLogan3,Thu Apr 21 16:56:10 +0000 2022,-79.3288235,43.0373535,@AubriePesky What could go wrong? It's a can't lose proposition.
1517185436296237065,Natesbarbersho1,Thu Apr 21 16:56:10 +0000 2022,-122.4359785,37.7706565,LOVE THIS
1517185436539658241,Jim_n_Texas,Thu Apr 21 16:56:10 +0000 2022,-95.44648649999999,29.838495,@GOP Explain how you‚Äôre arriving at that??? üò¨ü§î
1517185436959006722,jessunee,Thu Apr 21 16:56:10 +0000 2022,-74.066663,40.7180015,i was going crazy when she performed this‚Äî everyone was.
1517185437797961729,JordanSnugs,Thu Apr 21 16:56:10 +0000 2022,-100.0768885,31.1688935,@iizz_savage Absolutely beautiful ü§©üíï
1517185439261675524,JiggyRiz,Thu Apr 21 16:56:11 +0000 2022,-74.15394699999999,40.572376000000006,Really Have to Cancel My Trip To Costa Rica.
1517185439467192321,DSRawxXx,Thu Apr 21 16:56:11 +0000 2022,-95.44648649999999,29.838495,@miss_pame22 Hey are u open to a shoot üì∏ do u have an email we can discuss or can we DM here ?  @miss_pame22
1517185439811063821,pietowntv,Thu Apr 21 16:56:11 +0000 2022,-87.732013,41.8335845,üå≥TONIGHTüå≥ on #HouseHunters ~ A Chicagoan wants to move out of his ex's apartment building and into a home of his ow‚Ä¶ https://t.co/hXzN4N2HWl
1517185441094582274,_VMichelle_,Thu Apr 21 16:56:11 +0000 2022,-89.92202900000001,35.1335205,"one thing about it, ima check my bank accounts daily to make sure ain‚Äôt nobody stealing from meüòÇ"
1517185440822013952,IFLYSwimClub,Thu Apr 21 16:56:11 +0000 2022,-91.53706199999999,41.6473535,Congratulations to Holden Carter for being selected by @usaswimming to attend the Regional Diversity Select Camp! https://t.co/hl1LsZIk4g
1517185441635704835,TheFamily_bball,Thu Apr 21 16:56:11 +0000 2022,-81.3775,28.5421,"Small ‚≠ïÔ∏è but you get the picture. We coming for more. All groups in Indy this weekend, 15u, 16u, and 17u. Open peri‚Ä¶ https://t.co/Y9pCTrs6I9"
1517185441820295171,soldier3058,Thu Apr 21 16:56:11 +0000 2022,-73.8311875,40.6708795,"@JRSportBrief If you didn't know, Mike aint the one to be played withü§£ü§£ü§£ https://t.co/gHcxdycYlC"
1517185441480396813,aramisx,Thu Apr 21 16:56:11 +0000 2022,-117.76741,33.658649,I‚Äôve missed my desk. Not back just yet but working on campus for some stuff and things this week. https://t.co/aww04inkNG
1517185442277380100,Ricka168,Thu Apr 21 16:56:12 +0000 2022,-82.67290299999999,27.7957195,@catwalkb9 followed..fb https://t.co/8SlQU2V4nL
1517185442805858306,ButYOUKnew_,Thu Apr 21 16:56:12 +0000 2022,-86.7779855,35.9952715,Got training all next week to get this certification with the state.. I‚Äôll be a Certified Peer Recovery Specialist by wks end.
1517185443938422784,courtneybhilton,Thu Apr 21 16:56:12 +0000 2022,-71.112377,42.3781975,@petejvickers Left
1517185443414126593,MadHatterNvrSlp,Thu Apr 21 16:56:12 +0000 2022,-73.9487755,40.655138,"After seeing #TakeMeOut, I feel like I need to go hard at the gym. I had a good time though. https://t.co/jDSD46pQuR"
1517185445293019139,jjocce_,Thu Apr 21 16:56:12 +0000 2022,-112.4249755,33.4128725,Some girl flipped me off for ‚Äúcutting her off‚Äù but the lane literally merges lmao y‚Äôall some goofies fr
1517185445049864192,brookerturner73,Thu Apr 21 16:56:12 +0000 2022,-87.893924,42.036141,@GiveAwayHost @Cryptoxlili Good luck everyone https://t.co/YqtDLvwbjR
1517185445288988679,tavoadan,Thu Apr 21 16:56:12 +0000 2022,-80.1223555,26.301198,Almost Friday https://t.co/hYe11HX69T
1517185446756896769,jeffkahrs,Thu Apr 21 16:56:13 +0000 2022,-81.152424,33.978216,@Anti_twatwaffle at least you haven't gone full Heard...gone being the operative word
1517185446899552256,DamnThatsKey,Thu Apr 21 16:56:13 +0000 2022,-84.433106,33.7671945,No fr. It be uncomfortable asf üòÇ
1517185447142825984,BarreraGabe,Thu Apr 21 16:56:13 +0000 2022,-83.804475,27.698681999999998,My Message to The close mind ignorant Republicans https://t.co/RpOuQB9n4G
1517185448409505794,sportsguymarv,Thu Apr 21 16:56:13 +0000 2022,-83.641199,32.58263,Hey NEWSIES lol this is what they think of us üòÇüòÇüòÇ https://t.co/P3z7xiMvwa
1517185449499906087,ZekeGary2,Thu Apr 21 16:56:13 +0000 2022,-120.882482,47.273022,@4mojo2 Nope
1517185449600729088,TuddleOnRadio,Thu Apr 21 16:56:13 +0000 2022,-81.29165950000001,29.017060999999998,@Kenny_Wallace Depends on how loud the 25% are
1517185449252507648,William46676045,Thu Apr 21 16:56:13 +0000 2022,-83.3997795,33.9563835,Underrated receiver back in the 1990's Eric Moulds! https://t.co/JSqV03yutT
1517185449948848130,alexistameka,Thu Apr 21 16:56:13 +0000 2022,-87.732013,41.8335845,I need something scary to watch but I can‚Äôt find nothing on Hulu or Netflix
1517185450301173760,lentaminen,Thu Apr 21 16:56:13 +0000 2022,-115.147599,36.081,#LAS is currently experiencing departure delays between 16 mins and 30 mins due to RWY:Disabled Aircraft‚Ä¶ https://t.co/3hfJdN20Jc
1517185450380771328,mrsharma,Thu Apr 21 16:56:13 +0000 2022,-73.9685415,40.780709,@itsOddit Any @ILLENIUM mix honestly https://t.co/PFYpPdQsPK
1517185450741420040,TattedUpMiko,Thu Apr 21 16:56:14 +0000 2022,-117.0226945,38.502147,"Lemme get up so I can spread my love ""correctly"" üò≠üò≠üò≠ https://t.co/ebD9nidQyi"
1517185451030896640,ModernDay_Griot,Thu Apr 21 16:56:14 +0000 2022,-87.732013,41.8335845,"We don‚Äôt want money that fits in a bag, we want the bank. üè¶"
1517185451421057024,ChrisGhent,Thu Apr 21 16:56:14 +0000 2022,-73.9487755,40.655138,@ianDAOs @elonmusk @jack That roadmap would be cool to know‚Ä¶ a DAO could be raised and crowdfunded as opposed to ju‚Ä¶ https://t.co/SurdxRYovF
1517185454898139140,GBraggsJr23,Thu Apr 21 16:56:15 +0000 2022,-87.732013,41.8335845,"Pregame for @CHGO_WhiteSox at the plate. ‚öæÔ∏è @CHGO_Sports with @KevinKaduk, @Ecnerwal23 &amp; @JakeFlannigan on deck!‚Ä¶ https://t.co/bdGMDFOkPA"
1517185456580042752,charlie13blue,Thu Apr 21 16:56:15 +0000 2022,-83.1738665,32.6782075,@AuthorErinChase If you have to ask...
1517185456760307712,1045TheZone,Thu Apr 21 16:56:15 +0000 2022,-86.791549,36.200008,Mike Vrabel: ‚ÄúCaleb Farley is lightyears ahead right now compared to where he was at the end of last season.‚Äù #Titans
1517185457095909382,511NY,Thu Apr 21 16:56:15 +0000 2022,-73.646725,41.007975,Cleared: Construction on #I95 SB at 0.11 miles before Exit 2 (LOUDEN ST)
1517185457381163009,itsyaboiwdb,Thu Apr 21 16:56:15 +0000 2022,-95.470069,29.53741,@ohhsoocoldd @TheCalebLeeper Congratulations
1517185457737580544,snor_charles,Thu Apr 21 16:56:15 +0000 2022,-73.9685415,40.780709,"@d4mijevidjet @Prxygo He responded twice, oh his head hot"
1517185458253533186,MLPayton502,Thu Apr 21 16:56:15 +0000 2022,-82.163663,33.536182,@slagle_logan Congratulations!
1517185458610085891,JohnAda32739360,Thu Apr 21 16:56:15 +0000 2022,-83.804475,27.698681999999998,Perhaps Ukraine should start attacking across the border since Russia is scorching Ukraine
1517185460694622208,___LaReine,Thu Apr 21 16:56:16 +0000 2022,-72.4511725,43.871756500000004,@wellmybe @jaxajueny You‚Äôre also pale and flake up everyday. We don‚Äôt ‚ù§Ô∏è
1517185461319454720,cattygwilson,Thu Apr 21 16:56:16 +0000 2022,-105.1590475,39.751587,ISO A CYCLOPS ROCKS TICKET TONIGHT PLS HELP
1517185462187675651,_YoungPicasso_,Thu Apr 21 16:56:16 +0000 2022,-121.967821,37.370990000000006,Do ice JJ fish still make music
1517185462338670592,tmj_dtw_sales,Thu Apr 21 16:56:16 +0000 2022,-83.0335384,42.6261446,"See our latest Utica, MI #Sales job opportunity and click the link in our bio to apply: Merchandiser at RNDC #Merchandiser"
1517185462401736704,cbi777,Thu Apr 21 16:56:16 +0000 2022,-84.266174,30.476215500000002,@KTJ1725 I refuse to believe that's real.
1517185462527537158,hoops33man,Thu Apr 21 16:56:16 +0000 2022,-71.50411700000001,42.752969500000006,"@pamkennsox ‚ÄúIn retrospect, maybe we should have had him record something to see where it would fall.‚Äù  Gee - ya th‚Ä¶ https://t.co/7hgnGUJJOc"
1517185463018147845,tmj_bhm_writing,Thu Apr 21 16:56:16 +0000 2022,-86.6999553,33.5419926,"Intertek is looking for teammates like you. See our latest #SkilledTrade job openings, including ""Construction Tech‚Ä¶ https://t.co/rWfQtQ7Vsr"
1517185463290896384,alexstein99,Thu Apr 21 16:56:17 +0000 2022,-96.7617535,32.819858499999995,@ConanOBrien You would be a lot cooler if u did tweet anti government tirades
1517185463815225346,DavidLockney,Thu Apr 21 16:56:17 +0000 2022,-82.7410435,39.890232499999996,Blessed is the Nation whose God is the Lord! Ps 33:12
1517185463785705479,tmj_CAP_ACCT,Thu Apr 21 16:56:17 +0000 2022,-122.1430195,37.4418834,Looking to score a job at Adecco? You're in luck. Click the link in our bio for the job description and information‚Ä¶ https://t.co/shJ8fGf56J
1517185464314351616,AnnecaRaines,Thu Apr 21 16:56:17 +0000 2022,-79.861034,35.1704985,@MsC_PtownElem I love this!!!
1517185464414969856,TheJing_Eater,Thu Apr 21 16:56:17 +0000 2022,-93.2620465,44.9706105,Evil is in eyebrows. Look at them and see the truth.
1517185464888807424,tmj_ME_pharm,Thu Apr 21 16:56:17 +0000 2022,-68.7423313,44.8419534,Interested in seeing how CVS Health promotes sustainability? Learn how we work to transform the health of our plane‚Ä¶ https://t.co/7gfND3AIew
1517185465027284995,SoufSoul,Thu Apr 21 16:56:17 +0000 2022,-98.5406515,29.417501,Who‚Äôs taking me to a Missions game? ‚öæÔ∏èüçª
1517185465266413569,dillion_cox,Thu Apr 21 16:56:17 +0000 2022,-95.0057855,41.396407499999995,@CallofDuty Damn I missed the Xbox code
1517185465190797314,tmj_tul_eng,Thu Apr 21 16:56:17 +0000 2022,-95.992775,36.1539816,"Nervous to apply for a job like ""Sr Project Manager for Transportation Group - Tulsa"" at Tetra Tech? Apply even if‚Ä¶ https://t.co/f3DBuH37PL"
1517185466218401804,VCUSDCareers,Thu Apr 21 16:56:17 +0000 2022,-122.2710602,38.088795,"We're hiring! Click to apply: Substitute Secretary - https://t.co/152RpRE9ti #Education #Vallejo, CA"
1517185466331766785,Lionlifep,Thu Apr 21 16:56:17 +0000 2022,-100.0768885,31.1688935,"Go gamble, make a flip and shoot that shit straight to the Feds!! Noooo cap."
1517185466541363201,tmj_AZS_sales,Thu Apr 21 16:56:17 +0000 2022,-111.8412502,33.3061605,We're hiring! Read about our latest job opening here: Inside Sales Rep - https://t.co/DxNNu3y1al #KellyJobs #KellyServices
1517185467032248321,KMACStudios_,Thu Apr 21 16:56:17 +0000 2022,-73.9487755,40.655138,Hurry it up sprinnnng üå∑ https://t.co/L2ylmMDZR2
1517185468856737794,CONTEMPRA_INN,Thu Apr 21 16:56:18 +0000 2022,-90.239517,30.008285,Tailorbirds  tropical Asia  named because they weave their nests with plant fibres or spider‚Äôs web its beak to make‚Ä¶ https://t.co/iaKqjQoHRL
1517185469875834881,Blkhippeee,Thu Apr 21 16:56:18 +0000 2022,-111.928142,33.392883999999995,@Love_Roulette69 Damn I doing even like rugs and I want it
1517185471113154565,soulpole415,Thu Apr 21 16:56:18 +0000 2022,-122.4359785,37.7706565,@irns53 @MasonSousa1 @TMZ He definitely held back
1517185472732311553,MiserMu43168974,Thu Apr 21 16:56:19 +0000 2022,-81.483595,35.8566905,@MMarfoogle @Ileah_Marie @Marfoogle Sounds extremely demonic
1517185475236155392,_itsdezzie,Thu Apr 21 16:56:19 +0000 2022,-117.31450050000001,34.032379000000006,I hate telling certain people about myself &amp; they‚Äôre like omg me too we‚Äôre so alike. Bitch we are not a match relax üòÇ
1517185475617837076,bohannibal,Thu Apr 21 16:56:19 +0000 2022,-122.630908,45.536402,This album was üî•üî•üî• @SevidemiC https://t.co/GR0ycfS9vw
1517185476343513088,Hoosierflyman,Thu Apr 21 16:56:20 +0000 2022,-86.441236,39.766555499999996,"@simon_sprecher Yes, the answer is Thom. Which makes sense since Kathy Matthews started the BDSC when she was in Thom‚Äôs lab:"
1517185477144686593,SoxBearPayton,Thu Apr 21 16:56:20 +0000 2022,-88.1613215,41.748496,Whoever is going to the Bulls game tomorrow.. I envy you.
1517185477543178242,Tom_Laipply,Thu Apr 21 16:56:20 +0000 2022,-83.804475,27.698681999999998,To ALL the compliant Covid cavers‚Ä¶..Unless you have said ‚ÄúI was wrong‚Äù your present participation in what is right‚Ä¶ https://t.co/LBcj7fzIrk
1517185478021238786,CAvery0626,Thu Apr 21 16:56:20 +0000 2022,-78.4598895,35.647526,ü•∫ü•∫ü•∫ she was just an arm baby yesterday
1517185479891955712,daniellabruce_,Thu Apr 21 16:56:21 +0000 2022,-82.89425349999999,42.495819499999996,@GrindLinePod @DetroitRedWings Yes!! Love it
1517185479594151938,Pedgeva,Thu Apr 21 16:56:20 +0000 2022,-77.47958249999999,39.0869425,@zekewimbush7 @CoachTCaso @andrejones1185 @Coach_TMoney @BrianDohn247 @SWiltfong247 @Rivals @RivalsFriedman Congrat‚Ä¶ https://t.co/PD0pdcNLuL
1517185480529481728,cecilia_cormack,Thu Apr 21 16:56:21 +0000 2022,-80.1206,25.987,Check out my #listing in #Hollywood #FL  #realestate #realtor https://t.co/z4TY74TUOa https://t.co/AUxZ86xuHA
1517185481397649411,_GirlFromAtl,Thu Apr 21 16:56:21 +0000 2022,-95.44648649999999,29.838495,Lmfaooooo this is funny af
1517185481607368705,lee_borden,Thu Apr 21 16:56:21 +0000 2022,-86.441236,39.766555499999996,@Sarge1208 My God! Surely that woman does not believe she could actually be re-elected!
1517185482479878144,Youngm4n,Thu Apr 21 16:56:21 +0000 2022,-85.9785995,35.8305215,"Good! People shouldn‚Äôt be harassed because of their past. She‚Äôs a strong, successful, businesswoman with one hell o‚Ä¶ https://t.co/lEhE3Gl2PU"
1517185483079569409,KageGames,Thu Apr 21 16:56:21 +0000 2022,-84.433106,33.7671945,@saddercrybaby @whimsigirlemo Yuuup I got the email a few days ago from my conference that oh no some people came w‚Ä¶ https://t.co/FTnGVTa9Na
1517185483662512136,quis__custodiet,Thu Apr 21 16:56:21 +0000 2022,-118.26054,34.13983,1656ZN18LA COUNTY OF LOS ANGELES FIRE DEPARTMENTSquawk: 1206N34.1398 W118.2605Altitude: 1500ftCourse: 128¬∫Gro‚Ä¶ https://t.co/YY0cX1OIoZ
1517185485701058565,ameliperucha2,Thu Apr 21 16:56:22 +0000 2022,-81.26783800000001,28.694736,Hair appointment üî•
1517185486455918604,Jomari_P,Thu Apr 21 16:56:22 +0000 2022,-119.30660750000001,37.2691755,@RPJNFT you may want to connect with @HatchyPocket on Avalanche. They have a strong thesis around decentralized IP around their NFTs.
1517185487693303811,veeevs,Thu Apr 21 16:56:22 +0000 2022,-71.0887125,42.3136695,Track down @Frankly_Emily at #PAXeast for some game codes &amp; @G4TV swag!
1517185490528739328,__SweetChoCLIT,Thu Apr 21 16:56:23 +0000 2022,-83.21355700000001,42.314732,"House hunting in today‚Äôs market is G H E T T O af !!! Would not recommend to a co-worker , colleague or friend ! üò≠üò¨"
1517185490650386432,TheePhanatic215,Thu Apr 21 16:56:23 +0000 2022,-75.117998,40.0048655,@RhysDrummer90 @PeaJaeEl @LucasDuffy @_Sergio_Michel_ @FINALLEVEL Someone needs to teach that kid about respect. Mi‚Ä¶ https://t.co/CSSm4lb2Jz
1517185490838966275,Carol83665054,Thu Apr 21 16:56:23 +0000 2022,-121.9512525,49.1373095,@LarrySabato @RepLizCheney She‚Äôs a true patriot.A much deserved award.   üá®üá¶üá®üá¶üë≥üèªüá∫üá¶üëèüèªüëèüèªüëèüèªüëèüèª
1517185492793671686,DevinZapka,Thu Apr 21 16:56:24 +0000 2022,-73.9685415,40.780709,You think they would have learned after the ‚ÄúSevere Storms blossoming in Nancy‚Äôs warm sector‚Äù debacle‚Ä¶ Cc:‚Ä¶ https://t.co/4Eep8ZNNLg
1517185493024321536,ashianasymone,Thu Apr 21 16:56:24 +0000 2022,-81.504908,31.2144885,she‚Äôs due any day üò©üò©üòçüòç
1517185493468958722,yella916,Thu Apr 21 16:56:24 +0000 2022,-84.31507049999999,33.8745435,@swtxbiguy @Rocky04004079 This is how I want to wake up daily!! Lol
1517185496866336769,yamane_patricia,Thu Apr 21 16:56:25 +0000 2022,-87.732013,41.8335845,@BOBjustBOB2020 @Cdngal16 @RonFilipkowski Pathetic!ü§£üòÇü§£üòÇü§£ https://t.co/NKH4OnOP58
1517185497885397010,DemonEvilMuscle,Thu Apr 21 16:56:25 +0000 2022,-117.0226945,38.502147,@KevZCastle The women‚Äôs division in AEW is an absolute joke. Over the last 2 weeks on dynamite the women out of a t‚Ä¶ https://t.co/cqpPwAo6te
1517185498539868161,FLAjawn,Thu Apr 21 16:56:25 +0000 2022,-81.393653,28.6648035,@3xBanHammer @LibertyLinePHL Would a bot tell you to eat a dick sammich?
1517185498669793287,itshaleymonique,Thu Apr 21 16:56:25 +0000 2022,-92.13127399999999,34.7519365,Apple Music gets me through work I swear. üé∂
1517185499898724353,billtomesch,Thu Apr 21 16:56:25 +0000 2022,-73.99237275,40.70442218,Just posted a photo @ Jane's Carousel https://t.co/hExPMB9QX9
1517185499080925189,courtneyvanscoy,Thu Apr 21 16:56:25 +0000 2022,-99.6809025,41.500729500000006,Update!  Fun in the sun - day 1!!! #VCN18Elite https://t.co/vUxV53FqLr
1517185500615958530,NerdyAlh85,Thu Apr 21 16:56:25 +0000 2022,-95.940918,41.1401075,"@CrimsonWally When will it be Roy's turn, @DCComics ?"
1517185501521924096,CoachDLuckey,Thu Apr 21 16:56:26 +0000 2022,-89.87644900000001,32.571032,@TjAnderson32_ what‚Äôs your email
1517185502209847300,hankydory,Thu Apr 21 16:56:26 +0000 2022,-79.42086499999999,38.003375500000004,do u think mr depp has had sisters thai yet
1517185503971332099,tmj_SC_transp,Thu Apr 21 16:56:26 +0000 2022,-81.6246534,35.1035903,"If you're looking for work in #Gaffney, SC, check out this job: https://t.co/pizM2Jlolu #Transportation"
1517185504000692230,tmj_KAL_skltrd,Thu Apr 21 16:56:26 +0000 2022,-85.6680863,42.9633599,"If you're looking for work in #GrandRapids, MI, check out this #SkilledTrade job via the link in our bio: Material‚Ä¶ https://t.co/2GqdrL0yex"
1517185503954624512,tisaacs321,Thu Apr 21 16:56:26 +0000 2022,-86.441236,39.766555499999996,"Sheeeeesh.. New Destiny season, New Halo season, and Outriders expansion for June?!? Maybe next summer I will go ou‚Ä¶ https://t.co/sfxVaWH0vR"
1517185504441159680,BackwoodKween,Thu Apr 21 16:56:26 +0000 2022,-77.0143985,38.898602999999994,the business aspects of running a business have been holding me back but i need to stop letting that get in the way ü§ß
1517185504579506181,tmj_FLD_pharm,Thu Apr 21 16:56:26 +0000 2022,-81.3656242,28.6611089,Looking to score a job at Fresenius Medical Care? You're in luck. Click the link in our bio for the job description‚Ä¶ https://t.co/i2PlnwQYQu
1517185505183485955,retraC__,Thu Apr 21 16:56:27 +0000 2022,-112.12467649999999,33.5528625,"The palo verde bloom is so beautiful, every time I see one blooming I‚Äôm like ü•≤ you go you beautiful resilient little dude"
1517185505900875776,louiselnelson91,Thu Apr 21 16:56:27 +0000 2022,-73.9487755,40.655138,@stoneage_mackin @OhThats_dapoet @platini954 So Black men are human beings? ü§î
1517185506131398658,tmj_md_nursing,Thu Apr 21 16:56:27 +0000 2022,-75.692427,38.2028993,"See our latest Princess Anne, MD #Nursing job opportunity and click the link in our bio to apply: Outpatient Regist‚Ä¶ https://t.co/UeQYtO576F"
1517185506357891077,tmj_orf_adv,Thu Apr 21 16:56:27 +0000 2022,-76.4730122,37.0870821,This #EventsMarketing job might be a great fit for you. Click the link in our bio to see it and more. PRODUCT DEMON‚Ä¶ https://t.co/CGxjuyfyrv
1517185506320306177,Decksterrr,Thu Apr 21 16:56:27 +0000 2022,-90.24782400000001,38.653771,I loathe this conversation. As if those costumes make y‚Äôall entertaining by default. All that money just to be bori‚Ä¶ https://t.co/tRhYY5ifOE
1517185507163197446,tmj_MI_schn,Thu Apr 21 16:56:27 +0000 2022,-84.6374484,42.7287542,"Stop staring at the clock every day. It's time for a new career. Follow us to view jobs with titles like ""Meijer Wa‚Ä¶ https://t.co/WSFm6s8szY"
1517185507821703174,michael_k_woods,Thu Apr 21 16:56:27 +0000 2022,-119.30660750000001,37.2691755,Communists like Elie Mystal very hurt his takeover just got more difficult.
1517185507943337987,tmj_ALL_schn,Thu Apr 21 16:56:27 +0000 2022,-94.4079213,35.2994544,"Nervous to apply for a job like ""Supervisor, Distribution Center - Weekend Shift"" at Kane Logistics is now ID Logis‚Ä¶ https://t.co/gGIiGATG7J"
1517185508425682946,ninersaiz,Thu Apr 21 16:56:27 +0000 2022,-122.0238405,37.378397,One more week of Deebo talk until the nfl draft next Thursday just keep it coming @NinersNation
1517185508438265869,tmj_NY_secure,Thu Apr 21 16:56:27 +0000 2022,-76.8077338,42.0897965,"Allied Universal is looking for teammates like you. See our latest Security Officer job openings, including ""Securi‚Ä¶ https://t.co/o5c0pyZzuf"
1517185508782350337,heyiamparker,Thu Apr 21 16:56:27 +0000 2022,-100.0768885,31.1688935,why is the school year going by so fast
1517185508853616640,DavidJonesWells,Thu Apr 21 16:56:27 +0000 2022,-98.5406515,29.417501,@nathaliejacoby1 No but she's a useful idiot
1517185509348499456,GOATunes,Thu Apr 21 16:56:28 +0000 2022,-79.645081,43.418190499999994,@Kyuhmm Have soup or some tea or something
1517185511152050177,2_words_1finger,Thu Apr 21 16:56:28 +0000 2022,-95.44648649999999,29.838495,Thisssss here even if it looks like an amusement park of fun üò≠
1517185511273684994,maggotbraintrap,Thu Apr 21 16:56:28 +0000 2022,-79.0021125,35.054626999999996,@therealFENDIP Yea dat üí© is that worse
1517185511714172928,SirPipes88,Thu Apr 21 16:56:28 +0000 2022,-75.117998,40.0048655,‚Äú‚Ä¶Just like that ‚Ä¶ don‚Äôt move‚Ä¶‚Äù‚ÄºÔ∏èüí™üèΩüíØü§§
1517185511802097671,ModoFurniture,Thu Apr 21 16:56:28 +0000 2022,-80.3477,25.8067,This stunning Dining Room features a matte anthracite dining table and a light grey ecoleather dining chair with bl‚Ä¶ https://t.co/YmaoOLDM6p
1517185512745816072,mgarcia_lves,Thu Apr 21 16:56:28 +0000 2022,-106.4174305,31.793368,"@Texan_Rose_001 Yummy!! Enjoy, happy day‚öò‚öò‚öò"
1517185514184462342,ARStager,Thu Apr 21 16:56:29 +0000 2022,-104.92209349999999,39.713563,"Where IS my sword, @trinity_bristol @aberdeenuni ????!"
1517185513978941441,BrandenIsMyName,Thu Apr 21 16:56:29 +0000 2022,-116.238001,43.598033,@KeyEweReeUS @nypost Not your responsibility to worry about other peoples health choices. ü§∑‚Äç‚ôÇÔ∏è
1517185516617314314,1KHABYS,Thu Apr 21 16:56:29 +0000 2022,-74.214139,40.766601,@1Brixx He better bring back the Kd that was in Rucker park
1517185516457889792,paulgotel,Thu Apr 21 16:56:29 +0000 2022,-156.32288,20.91588,"Just posted a photo @ Haiku, Hawaii https://t.co/JLgm8NgOeZ"
1517185516785254400,Liv_Carlucci,Thu Apr 21 16:56:29 +0000 2022,-73.7120565,41.138491,Anyone know any screen printing studios in NYC / South FL? I need to CMYK these
1517185517124820993,DailySunDrew,Thu Apr 21 16:56:29 +0000 2022,-82.01746,28.924148,Out at The Range for the Class 2A-District 6 Track and Field district meet today.The Villages girls crushed the 4‚Ä¶ https://t.co/ylfBrEVUP4
1517185517372297223,gvmmarose,Thu Apr 21 16:56:29 +0000 2022,-81.520527,28.380843,@cvxts The iconic studios in Bridgeton ü•∞
1517185516248211456,TheRealObie29,Thu Apr 21 16:56:29 +0000 2022,-78.657837,35.8439815,"I'm excited about Dega and all, but the social media posts from @TALLADEGA on Monday of the artifacts left in the i‚Ä¶ https://t.co/uAUoPlJl9g"
1517185517242171394,COACHMAZ,Thu Apr 21 16:56:29 +0000 2022,-88.240004,42.981638000000004,"Congrats to @Alex_Mazurczak on being MaxPrepsPlayer of the Game v. Oconomowoc and v. WNS, 12 goals, 3 assists, and‚Ä¶ https://t.co/qjalgQOyBb"
1517185518034833414,GurdeepPandher,Thu Apr 21 16:56:30 +0000 2022,-122.2670745,49.0869965,Looking forward to this event with Canadian Association of Health Services and Policy Research (CAHSPR)!
1517185518026596354,sacredbalance,Thu Apr 21 16:56:30 +0000 2022,-85.9785995,35.8305215,Land and water resources can be managed effectively only when both are managed together - Japanese proverb‚Ä¶ https://t.co/iQwFP17Ipc
1517185518995329038,Lindsay_McGill,Thu Apr 21 16:56:30 +0000 2022,-123.123581,49.257639,@chyteaaaa Love his face reactions
1517185519859355648,rayyloc,Thu Apr 21 16:56:30 +0000 2022,-117.5621525,34.12167,"THIS IS FOR ALL FAST FOOD PLACES, STOP GIVING OUT COLD FOOD WTFFFF ü§¨üòí annoying asf !!!!"
1517185520379613192,gamezarturo23,Thu Apr 21 16:56:30 +0000 2022,-96.7930515,32.8510095,"It‚Äôs a 10 bedroom mansion, he said ‚ÄúI don‚Äôt know why I bought it, but I did. Well I like the fact that it‚Äôs right n‚Ä¶ https://t.co/55ukjXgnvX"
1517185521252024333,Johnnywaynes,Thu Apr 21 16:56:30 +0000 2022,-77.60468399999999,41.1179365,@ochocinco Bo Jackson
1517185521692389377,sheabsullivan,Thu Apr 21 16:56:30 +0000 2022,-95.44648649999999,29.838495,@2017Simp Feeling this üíØ today
1517185522032005143,susiefreathy,Thu Apr 21 16:56:31 +0000 2022,-116.9880225,32.85118,"@KerryAnnAnn @Manning4USCong @Surgeon_General Name calling, misogyny, and racism are all they've got."
1517185523609214977,SeeSotos_world,Thu Apr 21 16:56:31 +0000 2022,-73.86085700000001,40.944567500000005,I go weeks with out a drink and then when i drink ‚Ä¶ i really drink. This feels like a responsible adult. I dont kno‚Ä¶ https://t.co/NS8QRMzBNO
1517185523768598536,gonorm1330,Thu Apr 21 16:56:31 +0000 2022,-79.42086499999999,38.003375500000004,@TanoliPak24 @rocketbotpro Cool üòé
1517185525031084032,DocLauraB,Thu Apr 21 16:56:31 +0000 2022,-85.7223455,38.195555,"Not Nana!!! But seriously, this is how working on publications feels."
1517185524792020992,timnphilly,Thu Apr 21 16:56:31 +0000 2022,-75.117998,40.0048655,"I‚Äôm still stuck in the 80s with #AppleMusic. Classic‚Äî#WhiteLionLet's all join our hands,raise them togetherFight‚Ä¶ https://t.co/Hzf6IsxfZG"
1517185527367282688,samtosane,Thu Apr 21 16:56:32 +0000 2022,-75.4660545,40.257594499999996,@hun_chooo @KingZilch @nytimes They are in Putin's pocket so that' why they met with him.  Biden got Germany to shut down the pipeline.
1517185529221201922,MikeDury,Thu Apr 21 16:56:32 +0000 2022,-82.985772,39.9946835,It‚Äôs going to be a bloodbath.
1517185529594335244,Tarek53180,Thu Apr 21 16:56:32 +0000 2022,-122.2329345,37.4972935,@VeronicaDLCruz Pretty in pink https://t.co/eWMScYylM4
1517185530693304323,golftimbercreek,Thu Apr 21 16:56:33 +0000 2022,-87.85750066,30.6692187,Just posted a photo @ TimberCreek Golf Club https://t.co/UJbWSpwyvH
1517185529665638401,WorldDanceCo,Thu Apr 21 16:56:32 +0000 2022,-122.755776,49.285458500000004,üì£ Youth Latin Ballroom Sundays - 12-1pm***1st class is FREE***With Alexey &amp; Vlada üèÜüçÄ$64/month üçÄ World üåé Danc‚Ä¶ https://t.co/yICLUSYh9r
1517185531834216450,chrystal_inno,Thu Apr 21 16:56:33 +0000 2022,-73.8311875,40.6708795,White Americans have slightly more knowledge about Africa than African Americans. On average
1517185532266270720,RetireManifesto,Thu Apr 21 16:56:33 +0000 2022,-83.1738665,32.6782075,@AcdntlyRetired Never stop learning.
1517185532190773249,Darlene01631927,Thu Apr 21 16:56:33 +0000 2022,-83.9638415,35.9824705,"A name that suits you, Fried."
1517185533134397440,colonialsmokes,Thu Apr 21 16:56:33 +0000 2022,-71.401414,42.462537499999996,Also this! https://t.co/AcAAmbYhKa
1517185533272801280,dild0sNcupcakes,Thu Apr 21 16:56:33 +0000 2022,-105.5508905,38.997935999999996,She‚Äôs a legend.
1517185533868453888,general_devs89,Thu Apr 21 16:56:33 +0000 2022,-74.1561685,40.95898,@ThatsJustPr1me Definitely. No doubt he deserved what he got.
1517185533822357506,therealADWarren,Thu Apr 21 16:56:33 +0000 2022,-85.7682405,37.822244,#Calipari has taken his one and done to a new level.  None and done.He has destroyed the UK mbb team.I've argued‚Ä¶ https://t.co/izWDCW3Lzo
1517185534078169092,AsherHBaron,Thu Apr 21 16:56:33 +0000 2022,-73.9685415,40.780709,"So, I lost an (yes, just the 1) AirPod. It‚Äôs made my life a BIT of a struggle. I was due for an upgrade so I ordere‚Ä¶ https://t.co/3sspa8XsUP"
1517185533746847744,EdmistonDavid,Thu Apr 21 16:56:33 +0000 2022,-83.3997795,33.9563835,@kasediehl44 exposed https://t.co/nCGPkX0lxK
1517185535084679172,_krisroman_,Thu Apr 21 16:56:34 +0000 2022,-117.397616,33.935822,IM PETTY AF ‚ú®‚Ä¶I need to work on that lol https://t.co/GYMY1p1iHq
1517185536770789386,IsisWise,Thu Apr 21 16:56:34 +0000 2022,-123.123581,49.257639,My bet‚Äôs on #JustIncredible       RT
1517185536498229248,steadyfreddyETH,Thu Apr 21 16:56:34 +0000 2022,-100.0768885,31.1688935,Love your work and watching you grow and succeed üíö @rocsolmiami https://t.co/uIYQq1W0W5
1517185537643270145,Reesegawd_,Thu Apr 21 16:56:34 +0000 2022,-87.732013,41.8335845,@AyeTribeCalledQ Fuck you going in a big ass hummer üòÇ
1517185538318557185,JonnyGlessner,Thu Apr 21 16:56:34 +0000 2022,-98.319925,38.498196,"Summer camp in Alva, OK today!"
1517185538696089600,jdpandoo,Thu Apr 21 16:56:35 +0000 2022,-102.344087,31.873838499999998,it did until i had hives all of my face and was in pain at the lake for DAYS ü•π
1517185541594398720,NiceDrewishFela,Thu Apr 21 16:56:35 +0000 2022,-80.926628,33.6311395,@tedcruz Ted Cruz hasn't done his job once this year. Why?
1517185543876055043,goopeerr2,Thu Apr 21 16:56:36 +0000 2022,-93.1056485,44.9415155,is your micriwave running?
1517185544555577344,trentnrobison,Thu Apr 21 16:56:36 +0000 2022,-80.295886,25.711706,most people are the same. hard to find unique.
1517185545130037249,anagoonz,Thu Apr 21 16:56:36 +0000 2022,-117.104989,32.810012,my lust for shiny things
1517185545255927810,uindyhound,Thu Apr 21 16:56:36 +0000 2022,-86.1429225,39.7795625,I love hearing @UIndyAlumni stories!#greyhoundsforever #uindyday üêæ‚ù§Ô∏è
1517185545432182784,SaintADW,Thu Apr 21 16:56:36 +0000 2022,-84.3064885,33.9430725,"#JordanCon2022 who's down for some lunch? Mustering the posse, waiting for @robchristianson to get here, then the t‚Ä¶ https://t.co/ztCEAjzVck"
1517185545964769280,lavie154,Thu Apr 21 16:56:36 +0000 2022,-83.804475,27.698681999999998,@bassusteur canon chads only here
1517185546728222720,georgehahn,Thu Apr 21 16:56:36 +0000 2022,-73.9685415,40.780709,What Scott said. Very grateful to have been included for a minute. Everything is temporary. #CNNplus
1517185547139108865,shindoverse,Thu Apr 21 16:56:37 +0000 2022,-117.104989,32.810012,Humans are stuck in the past‚Ä¶ I kept thinking of DS9‚Äôs ‚ÄúThe Emissary‚Äù where the Prophets tell Sisko he exists in th‚Ä¶ https://t.co/5WkoinnEMj
1517185547629842441,bichonsw0rld,Thu Apr 21 16:56:37 +0000 2022,-118.4119065,34.0207895,mems ‚ú®
1517185547520942080,NWJS_jobs,Thu Apr 21 16:56:37 +0000 2022,-106.826452,39.194434,"Check out the latest opening https://t.co/QETw33dTKY at The Aspen Times in Aspen, CO. Journalismjobs"
1517185547986358272,MalexNM,Thu Apr 21 16:56:37 +0000 2022,-106.662024,35.296183,@LilCupcake331 I'm so sorry. My thoughts are with you ‚ô•Ô∏è
1517185548137414656,taranwalker,Thu Apr 21 16:56:37 +0000 2022,-90.5812485,38.651686999999995,Putting ads in F2P games makes perfect sense.
1517185547797737474,DrunkAtdisney,Thu Apr 21 16:56:37 +0000 2022,-81.40234699999999,28.299370500000002,@derekburgan @EricBurrisWESH Me watching..... https://t.co/rPbuBdnPKT
1517185548691161088,JenniferVerkui2,Thu Apr 21 16:56:37 +0000 2022,-92.4367735,38.3045585,@StoneColdFoxy1 On My Way üòâ
1517185549332795395,NatLantica,Thu Apr 21 16:56:37 +0000 2022,-81.7119215,38.819036,@chloerose1000 @WVGOP Thank you so much! Sometimes I feel like I should give up. But kind words like yours make me feel better!!! üôèüèº‚ù§Ô∏èü•∞
1517185549827776514,UmeniynoraDaII,Thu Apr 21 16:56:37 +0000 2022,-97.6070195,30.460444,Pink Toes x Childish Gambino
1517185549832011777,NWJS_jobs,Thu Apr 21 16:56:37 +0000 2022,-119.82592,38.63288,"We're hiring! See our latest job opening: Social Services Aide-extra Help https://t.co/ZvwaFeBXG5 Markleeville, CA"
1517185549617942529,tmj_clt_acct,Thu Apr 21 16:56:37 +0000 2022,-80.8480282,35.2171196,"Stop staring at the clock every day. It's time for a new career. Follow us to view jobs with titles like ""Director‚Ä¶ https://t.co/VRBumwKmYv"
1517185550913982468,leandrosaeth,Thu Apr 21 16:56:37 +0000 2022,-116.9880225,32.85118,@LevelupJosh85 @ToxicSkullsClub Thank you üòçüòçüöÄ
1517185551899795456,Joseph_Santoro,Thu Apr 21 16:56:38 +0000 2022,-77.0143985,38.898602999999994,They admit it. They're all unamerican enemies of the people!
1517185552176533506,NWJS_jobs,Thu Apr 21 16:56:38 +0000 2022,-121.029155,39.202715,"Interested in a Journeyman Auto Technician job in Grass Valley, CA? https://t.co/0N0uR13nnz This could be a great fit."
1517185553392930817,ThatsNoa,Thu Apr 21 16:56:38 +0000 2022,-84.433106,33.7671945,This is good promo
1517185553371844614,TheOCI_NJ,Thu Apr 21 16:56:38 +0000 2022,-74.1576,40.8154,"Just posted a photo @ Nutley, New Jersey https://t.co/nUf2x2alrn"
1517185554995109889,ThatsNoa,Thu Apr 21 16:56:38 +0000 2022,-84.433106,33.7671945,I‚Äôm not listening but still
1517185555024560128,NWJS_jobs,Thu Apr 21 16:56:38 +0000 2022,-75.116759,40.332324,"Check out the latest opening https://t.co/jEkiJGdJmS at Doylestown Borough in Doylestown, PA. Constructionjobs"
1517185554772742147,uamsnurses,Thu Apr 21 16:56:38 +0000 2022,-92.3542193,34.7486563,"At UAMS, we champion being a collaborative health care organization, focused on improving patient care and the live‚Ä¶ https://t.co/DVdQ39LClx"
1517185555238424576,CoastHusky,Thu Apr 21 16:56:38 +0000 2022,-77.0143985,38.898602999999994,@Mauricecherry45 Thank you ! ‚ù§Ô∏è
1517185555531911181,LazyDogHQ,Thu Apr 21 16:56:39 +0000 2022,-122.0090317,37.3240606,"If you have a never settle kind of attitude and like to have fun, then we want you to join our team! At Lazy Dog Re‚Ä¶ https://t.co/xRd08D1Afk"
1517185555808858113,jdny2,Thu Apr 21 16:56:39 +0000 2022,-74.1873045,40.8085105,Florida might be the most corrupt place in the Western Hemisphere (and that is a high bar to clear).
1517185556232519683,Linux_SY,Thu Apr 21 16:56:39 +0000 2022,-75.117998,40.0048655,"Men are more attractive to beautiful women, but being attractive to beautiful heart saves you more. #JohnnyDepp"
1517185556286951424,tonylowetweets,Thu Apr 21 16:56:39 +0000 2022,-83.216825,42.54869,@potatokinggamin @kyool_x @RokeLion @nicknprince I really shouldn‚Äôt be allowed to have Photoshop
1517185557792792576,NWJS_jobs,Thu Apr 21 16:56:39 +0000 2022,-85.045718,41.370451,"We're hiring! See our latest job opening: Car Wash Associate https://t.co/aKuOl78sxz Auburn , IN"
1517185558396690437,DanCevette,Thu Apr 21 16:56:39 +0000 2022,-76.625471,40.296454,@Cnmcrosby22 I guess I assumed there had to be something from the hitter.. maybe jawing.. an unprovoked pile drove‚Ä¶ https://t.co/cKPMDBIpgx
1517185559164338176,RexDart1,Thu Apr 21 16:56:39 +0000 2022,-77.349057,38.9558015,@maryannjohanson @wellspokentweet Has anyone written a book like *So You Love Dinosaurs But the Last Dinosaur Book‚Ä¶ https://t.co/k4RhChsRnh
1517185559269105664,Billy_Shmurda,Thu Apr 21 16:56:39 +0000 2022,-106.0360575,39.505657,#SpringBreaker! Breck doesn‚Äôt stand a chance today. #CrossCountryBill https://t.co/7rjzFBr4WJ
1517185560359624704,NWJS_jobs,Thu Apr 21 16:56:40 +0000 2022,-85.306753,35.03167,"Interested in a Mechanical Design Engineer job in Chattanooga, TN? https://t.co/78yPpz1ML7 This could be a great fit."
1517185561890545665,Mark215Oliveras,Thu Apr 21 16:56:40 +0000 2022,-82.114383,41.3608395,@JohnDBeckTV @Nickelodeon @jaydenbartels @TheMitchellBerg @GabrielleNGreen @FrankieJGrande @Scatter LET‚ÄôS GO!
1517185562100305920,baystatespeed,Thu Apr 21 16:56:40 +0000 2022,-71.29415900000001,41.939278,A great day indeed!
1517185562800791552,NWJS_jobs,Thu Apr 21 16:56:40 +0000 2022,-81.71316,35.74404,"Check out the latest opening https://t.co/Frmf1XeJ2K at Molded Fiber Glass Company in Morganton, NC. Productionjobs"
1517185562762960896,VisualArtsTiger,Thu Apr 21 16:56:40 +0000 2022,-95.44648649999999,29.838495,Always! üòä
1517185563325079553,LouManoti,Thu Apr 21 16:56:40 +0000 2022,-89.2665075,39.7393005,I did all this shit off 16 zips
